time,open,high,low,close,Volume,Multi-Timeframe Moving Avg,2nd Multi-TimeFrame Moving Average,Plot,20w SMA,21w EMA,Multi-Timeframe Moving Avg,2nd Multi-TimeFrame Moving Average,Plot,Multi-Timeframe Moving Avg,2nd Multi-TimeFrame Moving Average,Plot
1767772800,79.88,82.4,78.57,78.98,73040.518,,,,,,,,,,,
1767787200,78.98,79.99,76.5,77.24,106358.005,,,,,,,,,,,
1767801600,77.3,79.1,77.3,78.57,30376.674,,,,,,,,,,,
1767816000,78.6,79.01,77.4,78.92,10613.846,,,,,,,,,,,
1767830400,78.86,79.73,77.08,78.11,18850.784,,,,,,,,,,,
1767844800,78.16,78.16,75.61,76.06,39882.515,,,,,,,,,,,
1767859200,76.06,76.5,75.4,75.62,20450.406,,,,,,,,,,,
1767873600,75.6,76.12,73.01,75.85,60815.484,,,,,,,,,,,
1767888000,75.87,76.56,75.3,76.01,22071.735,,,,,,,,,,,
1767902400,76,77.21,75.97,76.85,17437.107,,,,,,,,,,,
1767916800,76.85,77.65,75.78,76.76,17832.453,,,,,,,,,,,
1767931200,76.76,77.63,76.52,77.27,36633.86,,,,,,,,,,,
1767945600,77.27,78.45,77.1,78.05,44655.407,,,,,,,,,,,
1767960000,78.05,80.31,77.3,80.19,102292.849,,,,,,,,,,,
1767974400,80.19,80.53,79.26,79.97,66342.15,,,,,,,,,,,
1767988800,79.95,80.29,79.64,79.86,18934.764,,,,,,,,,,,
1768003200,79.85,80.2,79.22,79.99,14842.611,,,,,,,,,,,
1768017600,79.99,80.07,79.87,79.89,10519.481,,,,,,,,,,,
1768032000,79.89,80.1,79.8,79.96,9595.059,,,,,,,,,,,
1768046400,79.96,80.11,79.79,80.04,86968.734,,,,,,,,,,,
1768060800,80.04,82,79.95,80.16,58013.877,,,,,,,,,,,
1768075200,80.19,80.66,79.71,79.86,14300.587,,,,,,,,,,,
1768089600,79.85,80.49,79.71,80.02,11097.994,,,,,,,,,,,
1768104000,80.03,80.31,79.5,80.1,9946.831,,,,,,,,,,,
1768118400,80.12,80.25,79.98,80.01,6241.171,,,,,,,,,,,
1768132800,80.02,80.2,79.99,80.04,7563.202,,,,,,,,,,,
1768147200,80.05,80.47,80.02,80.21,9402.392,,,,,,,,,,,
1768161600,80.25,81.88,80.1,81.65,44798.547,,,,,,,,,,,
1768176000,81.64,84.31,81.56,83.43,191147.681,,,,,,,,,,,
1768190400,83.44,84.74,83.22,84.25,95823.659,,,,,,,,,,,
1768204800,84.24,84.65,83.7,83.93,72113.198,,,,,,,,,,,
1768219200,83.95,85.97,83.72,85.45,218651.194,,,,,,,,,,,
1768233600,85.44,86.35,85.04,85.73,99563.187,,,,,,,,,,,
1768248000,85.69,85.8,83.3,84.52,96063.896,,,,,,,,,,,
1768262400,84.57,86.09,83.54,85.49,120673.153,,,,,,,,,,,
1768276800,85.5,86.02,84.74,85.29,108093.519,,,,,,,,,,,
1768291200,85.29,86.18,85.27,85.8,89500.629,,,,,,,,,,,
1768305600,85.81,89.17,85.47,88.74,308147.258,,,,,,,,,,,
1768320000,88.74,89.06,86.3,87.62,181798.478,,,,,,,,,,,
1768334400,87.63,88.2,86.1,88.01,99146.531,,,,,,,,,,,
1768348800,88.02,90.87,87.64,90.8,182411.41,,,,,,,,,,,
1768363200,90.8,91.7,89.28,90.19,244911.749,,,,,,,,,,,
1768377600,90.2,90.9,89.4,90.66,133324.21,,,,,,,,,,,
1768392000,90.66,92.23,90.25,91.8,393200.196,,,,,,,,,,,
1768406400,91.8,93,89.81,92.75,265290.311,,,,,,,,,,,
1768420800,92.73,93.81,91.26,92.32,250337.116,,,,,,,,,,,
1768435200,92.34,93.12,86.55,87.92,585277.966,,,,,,,,,,,
1768449600,87.93,90.31,87.21,89.46,278165.914,,,,,,,,,,,
1768464000,89.45,91.66,89.09,91.31,204316.511,,,,,,,,,,,
1768478400,91.33,91.45,88.05,90.7,414989.567,,,,,,82.84819999999999,,,,,
1768492800,90.72,92.97,90.05,92.48,306618.729,,,,,,83.1182,,,,,
1768507200,92.49,92.92,90.35,91.45,280166.167,,,,,,83.4024,,,,,
1768521600,91.48,92.14,89.64,90.36,260508.653,,,,,,83.6382,,,,,
1768536000,90.36,91.9,89.94,91.03,200173.809,,,,,,83.88040000000001,,,,,
1768550400,91.03,91.74,90.22,91.11,170201.578,,,,,,84.14040000000001,,,,,
1768564800,91.11,91.14,87.12,88.03,555888.205,,,,,,84.37979999999999,,,,,
1768579200,88.05,89.84,87.99,89.46,178807.14,,,,,,84.6566,,,,,
1768593600,89.47,90.3,88.9,90.1,82290.804,,,,,,84.9416,,,,,
1768608000,90.09,90.18,89.84,90.09,38205.271,,,,,,85.22319999999999,,,,,
1768622400,90.09,90.13,89.82,90.09,32863.944,84.11016666666666,,,,,85.488,,,,,
1768636800,90.09,90.14,89.93,90.06,21431.887,84.29483333333333,,,,,85.75399999999999,,,,,
1768651200,90.06,90.11,90.01,90.11,17871.135,84.50933333333334,,,,,86.0108,,,,,
1768665600,90.11,90.13,90.01,90.08,16107.549,84.70116666666667,,,,,86.25139999999999,,,,,
1768680000,90.08,90.5,90.03,90.13,31508.572,84.88799999999999,,,,,86.45020000000001,,,,,
1768694400,90.15,90.34,90.15,90.31,23187.715,85.09133333333332,,,,,86.65700000000001,,,,,
1768708800,90.32,90.43,89.9,90.22,52089.362,85.32733333333334,,,,,86.8642,,,,,
1768723200,90.22,90.38,90.1,90.34,24772.724,85.57266666666666,,,,,87.0712,,,,,
1768737600,90.35,90.56,90.21,90.29,38614.26,85.81333333333333,,,,,87.2792,,,,,
1768752000,90.3,90.55,90.22,90.5,33164.527,86.05483333333333,,,,,87.49,,,,,
1768766400,90.5,94,90.5,93.03,335692.823,86.3245,,,,,87.74980000000001,,,,,
1768780800,93.03,94.07,92.35,93.14,260913.091,86.59750000000001,,,,,88.0094,,,,,
1768795200,93.16,94.09,92.84,93.27,99064.736,86.86416666666668,,,,,88.2776,,,,,
1768809600,93.28,93.68,92.51,93.06,109847.213,87.11433333333333,,,,,88.5384,,,,,
1768824000,93.07,94.27,92.97,93.96,148854.117,87.34383333333334,,,,,88.81560000000002,,,,,
1768838400,93.96,94.88,93.8,94.48,110498.322,87.58566666666667,,,,,89.105,,,,,
1768852800,94.46,94.96,93.63,93.75,97151.874,87.81716666666667,,,,,89.3792,,,,,
1768867200,93.76,94.07,92.74,93.4,179413.291,88.04066666666668,,,,,89.64300000000001,,,,,
1768881600,93.39,94.71,93.39,94.37,205114.716,88.282,,,,,89.89740000000002,,,,,
1768896000,94.38,95.83,94.31,95.81,209062.859,88.54616666666668,,,,,90.145,,,,,
1768910400,95.81,96,93.23,94.05,462598.185,88.77966666666667,,,,,90.34100000000001,,,,,
1768924800,94.05,95.1,93.69,94.53,176678.462,89.01916666666668,,,,,90.55300000000001,,,,,
1768939200,94.52,95,93.8,94.94,152201.219,89.27050000000001,,,,,90.7428,,,,,
1768953600,94.96,95.55,93.55,94.05,337081.522,89.50433333333334,,,,,90.9092,,,,,
1768968000,94.05,95.18,93.97,94.78,216095.057,89.74900000000001,,,,,91.1144,,,,,
1768982400,94.78,95.3,94.52,94.83,149643.273,89.99600000000001,,,,,91.30120000000001,,,,,
1768996800,94.83,95.13,92.31,93.72,472270.655,90.224,,,,,91.46980000000002,,,,,
1769011200,93.73,94,90.36,91.39,445087.123,90.41033333333333,,,,,91.58160000000002,,,,,
1769025600,91.39,93.49,90.91,91.13,315029.541,90.56833333333334,,,,,91.62940000000002,,,,,
1769040000,91.14,93.46,90.99,93.44,324028.077,90.73516666666667,,,,,91.74580000000002,,,,,
1769054400,93.44,94.35,93.16,94.16,168370.344,90.90033333333334,,,,,91.86880000000001,,,,,
1769068800,94.16,94.37,93.4,93.59,131081.274,91.06133333333334,,,,,91.92460000000001,,,,,
1769083200,93.59,95.88,92.93,95.62,334523.889,91.23083333333334,,,,,92.03320000000002,,,,,
1769097600,95.64,96.64,95.09,95.9,345454.897,91.40033333333334,,,,,92.138,,,,,
1769112000,95.91,96.97,95.8,96.95,136061.793,91.60750000000002,,,,,92.241,,,,,
1769126400,96.95,99.24,96.65,98.81,425756.877,91.82950000000001,,,,,92.36220000000002,,,,,
1769140800,98.81,99.54,98.43,98.7,281365.094,92.05300000000003,,,,,92.48980000000002,,,,,
1769155200,98.69,99.15,97.52,99.11,400769.692,92.27483333333335,,,,,92.7136,,,,,
1769169600,99.12,100.52,98.72,100.04,645511.134,92.46316666666668,,,,,92.9252,,,,,
1769184000,100.04,101.99,100.03,101.84,607082.558,92.70016666666669,,,,,93.13580000000002,,,,,
1769198400,101.84,104.39,101.63,104.14,296093.579,92.96900000000001,,,,,93.40460000000002,,,,,
1769212800,104.14,104.49,103.01,103.47,178377.639,93.18016666666668,,,,,93.62440000000001,,,,,
1769227200,103.47,103.66,103.25,103.43,59241.898,93.40083333333335,,,,,93.86400000000002,,,,,
1769241600,103.43,104.23,103.06,103.08,144323.072,93.60783333333333,,,,,94.11840000000002,,,,,
1769256000,103.08,103.68,103.08,103.47,73550.612,93.80233333333334,,,,,94.36720000000001,,,,,
1769270400,103.49,104.08,103.37,103.46,114079.435,93.98083333333334,,,,,94.6142,,,,,
1769284800,103.48,103.88,103.2,103.26,74696.976,94.16316666666667,,,,,94.9188,,,,,
1769299200,103.26,103.81,103.25,103.57,61799.979,94.424,,,,,95.20100000000001,,,,,
1769313600,103.58,103.85,103.38,103.42,67520.826,94.65666666666668,,,,,95.4674,,,,,
1769328000,103.41,103.74,103.4,103.51,69240.31,94.86,,,,,95.7358,,,,,
1769342400,103.51,103.67,103.4,103.46,66621.067,95.07266666666668,,,,,96.00319999999999,,,,,
1769356800,103.45,105.69,101.02,101.52,481295.622,95.22333333333334,,,,,96.2324,,,,,
1769371200,101.57,106.78,101.56,104.85,506887.425,95.44666666666669,,,,,96.52720000000001,,,,,
1769385600,104.85,109.65,104.7,108.29,810098.56,95.7455,,,,,96.89139999999999,,,,,
1769400000,108.29,108.9,106.34,108.38,629210.881,96.03466666666668,,,,,97.2564,,,,,
1769414400,108.37,110.4,108.22,109.47,700789.422,96.34066666666668,,,,,97.63959999999999,,,,,
1769428800,109.48,113.93,108.56,112.27,1484367.71,96.74466666666667,,,,,98.08059999999999,,,,,
1769443200,112.26,118.33,106.66,107.57,4372651.872,97.0465,,,,,98.42519999999999,,,,,
1769457600,107.57,109.93,102.65,106.92,2479667.455,97.32683333333334,,,,,98.75779999999999,,,,,
1769472000,106.88,111.39,104.27,109.94,2102966.937,97.65766666666669,,,,,99.14659999999999,,,,,
1769486400,109.93,113.69,107.33,112.69,1614890.805,98.03433333333335,,,,,99.53979999999997,,,,,
1769500800,112.7,113.23,110.27,111.61,1346102.678,98.39350000000003,,,,,99.90919999999998,,,,,
1769515200,111.6,113.06,105.03,108.48,2940558.583,98.69966666666669,,,,,100.21339999999998,,,,,
1769529600,108.47,109.76,105.84,109.42,1384279.206,99.022,,,,,100.5406,,,,,
1769544000,109.41,113.38,108.08,112.93,1873250.684,99.40200000000002,,,,,100.91999999999999,,,,,
1769558400,112.92,115.55,111.91,114.84,1617671.715,99.81083333333335,,,,,101.32719999999999,,,,,
1769572800,114.86,116.28,113.64,114.79,1444540.87,100.22033333333334,,,,,101.74799999999999,,,,,
1769587200,114.78,115.14,111.21,112.47,1855311.266,100.58916666666667,,,,,102.12939999999999,,,,,
1769601600,112.48,115.73,111.97,113.2,3582533.686,100.971,,,,,102.50599999999997,,,,,
1769616000,113.2,115.08,110.53,114.52,2994894.305,101.37133333333334,,,,,102.88019999999999,,,,,
1769630400,114.51,119.56,114.1,117.79,4299971.122,101.784,,,,,103.35499999999998,,,,,
1769644800,117.78,118.69,116.19,117.43,2606030.092,102.18883333333333,,,,,103.81299999999997,,,,,
1769659200,117.44,120.69,117.14,118.17,2234347.848,102.60383333333333,,,,,104.27759999999996,,,,,
1769673600,118.18,118.57,115.36,118.48,2615502.693,103.02749999999999,,,,,104.76619999999997,,,,,
1769688000,118.47,121.74,107.33,110.47,10257536.158,103.30266666666667,,,,,105.07999999999997,,,,,
1769702400,110.47,116.74,110.03,113.6,6303837.963,103.62133333333333,,,,,105.45539999999995,,,,,
1769716800,113.6,117.97,112.61,117.57,3018931.195,104.01833333333333,,,,,105.93239999999994,,,,,
1769731200,117.56,118.61,108.5,109.63,7950468.47,104.28883333333332,,,,,106.29719999999993,,,,,
1769745600,109.63,112.48,104.89,107.14,6801847.414,104.50166666666665,,,,,106.61739999999995,,,,,
1769760000,107.13,107.14,95.51,103.09,13695913.458,104.62299999999999,,,,,106.81039999999993,,,,,
1769774400,103.08,104.2,97,98.56,9461460.243,104.69816666666665,,,,,106.89839999999995,,,,,
1769788800,98.56,98.76,76.55,85.49,29389976.021,104.54749999999999,,,,,106.73639999999995,,,,,
1769803200,85.49,86.78,82.36,86.04,6636318.954,104.39916666666664,,,,,106.54479999999994,,,,,
1769817600,86.05,87.8,85.28,85.28,2267374.791,104.25299999999997,,,,,106.33239999999996,,,,,
1769832000,85.28,85.98,85.28,85.28,1295979.422,104.09466666666665,,,,,106.09899999999996,,,,,
1769846400,85.29,85.76,85.28,85.34,749491.67,103.93649999999998,,,,,105.82959999999996,,,,,
1769860800,85.35,85.7,85.18,85.36,861791.483,103.79716666666666,,,,,105.56279999999994,,,,,
1769875200,85.36,85.47,84.04,85.3,1355825.713,103.69566666666667,,,,,105.28659999999995,,,,,
1769889600,85.29,85.4,84.96,85.31,400586.473,103.59866666666666,,,,,104.99199999999995,,,,,
1769904000,85.3,85.42,85.15,85.28,277519.792,103.46266666666665,,,,,104.66079999999994,,,,,
1769918400,85.29,85.47,85.22,85.24,328861.639,103.314,,,,,104.28279999999995,,,,,
1769932800,85.24,85.35,85,85.18,398653.908,103.17383333333332,,,,,103.91699999999993,,,,,
1769947200,85.18,85.23,84.32,84.99,637023.241,102.99666666666666,,,,,103.54819999999994,,,,,
1769961600,84.99,85.19,84.1,84.93,704869.432,102.81383333333333,,,,,103.18519999999995,,,,,
1769976000,84.92,84.93,78.23,82.37,6013422.527,102.57083333333334,,,,,102.76319999999994,,,,,
1769990400,82.38,88.27,77.33,77.52,13920990.815,102.216,,,,,102.24439999999993,,,,,
1770004800,77.53,80.71,72.61,76.5,16419225.518,101.846,,,,,101.70919999999992,,,,,
1770019200,76.5,84.27,75.6,82.94,9448236.351,101.5765,,,,,101.29659999999994,,,,,
1770033600,82.94,84.54,75.87,76.06,12028153.419,101.17683333333335,,,,,100.74939999999994,,,,,
1770048000,76.06,81.7,75.58,81.24,8536198.253,100.8335,,,,,100.30399999999995,,,,,
1770062400,81.25,82.83,79.22,82.81,3170961.253,100.47800000000002,,,,,99.89099999999993,,,,,
1770076800,82.8,85.88,81.29,83.46,7568527.449,100.14450000000002,,,,,99.52979999999994,,,,,
1770091200,83.45,86.98,82.68,86.7,5399315.017,99.86566666666667,,,,,99.16679999999992,,,,,
1770105600,86.69,87.94,85.51,86.48,5849312.482,99.589,,,,,98.73059999999994,,,,,
1770120000,86.49,89.26,86.24,88.49,10568838.635,99.33933333333334,,,,,98.33279999999993,,,,,
1770134400,88.49,89.21,82.72,84.61,12969907.508,99.02516666666669,,,,,97.83559999999994,,,,,
1770148800,84.61,85.88,83.4,84.6,3136127.668,98.71416666666669,,,,,97.28219999999993,,,,,
1770163200,84.59,88.28,84.58,87.8,5007035.269,98.45133333333335,,,,,96.88679999999994,,,,,
1770177600,87.79,90.84,86.99,90.39,5693580.029,98.23416666666668,,,,,96.55619999999993,,,,,
1770192000,90.38,90.61,88.24,90.55,5150962.16,98.01816666666667,,,,,96.16839999999993,,,,,
1770206400,90.55,92.31,86.26,86.98,13165372.977,97.74350000000001,,,,,95.65419999999993,,,,,
1770220800,86.98,87.5,83.65,87.09,12539279.92,97.503,,,,,95.16379999999992,,,,,
1770235200,87.09,90.08,85.55,89.46,3631587.911,97.2465,,,,,94.78339999999992,,,,,
1770249600,89.45,90.36,73.91,77.29,20707318.648,96.72983333333333,,,,,94.14079999999993,,,,,
1770264000,77.29,80.43,74.13,80.04,14215241.081,96.2575,,,,,93.48299999999992,,,,,
1770278400,80.03,81.1,77.72,78.41,9696588.344,95.73983333333334,,,,,92.75439999999993,,,,,
1770292800,78.41,78.88,72.37,74.14,20228720.006,95.10433333333334,,,,,91.94139999999994,,,,,
1770307200,74.13,78.06,73.94,74.74,10621167.398,94.55716666666667,,,,,91.18679999999993,,,,,
1770321600,74.73,75.45,66.87,67.17,8125963.882,93.89466666666667,,,,,90.26619999999991,,,,,
1770336000,67.17,73.3,64.52,72.89,13318102.709,93.27716666666667,,,,,89.43359999999991,,,,,
1770350400,72.88,75.33,71.88,72.3,8843348.228,92.604,,,,,88.52379999999992,,,,,
1770364800,72.3,75.27,71.65,74.74,6097462.003,91.98949999999999,,,,,87.66999999999993,,,,,
1770379200,74.76,77.2,73.94,75.97,7941601.223,91.44766666666666,,,,,86.82599999999994,,,,,
1770393600,75.96,78.22,75.11,77.66,3955795.16,90.91833333333332,,,,,86.00959999999992,,,,,
1770408000,77.65,78.25,76.71,77.7,1855105.911,90.33116666666666,,,,,85.3541999999999,,,,,
1770422400,77.7,77.94,77.62,77.8,423843.336,89.71383333333333,,,,,84.63819999999993,,,,,
1770436800,77.8,78,77.73,77.97,445025.487,89.10016666666665,,,,,83.84619999999991,,,,,
1770451200,77.98,77.99,77.68,77.78,549888.533,88.52199999999998,,,,,83.20919999999992,,,,,
1770465600,77.78,77.99,77.73,77.93,386714.828,87.93416666666666,,,,,82.62499999999993,,,,,
1770480000,77.94,77.98,77.83,77.95,253157.123,87.32466666666664,,,,,82.12219999999994,,,,,
1770494400,77.95,78.07,77.87,77.95,200841.556,86.66066666666666,,,,,81.70999999999992,,,,,
1770508800,77.94,78.05,77.91,77.95,215569.29,86.00266666666666,,,,,81.55919999999993,,,,,
1770523200,77.96,78.22,77.94,78.05,310368.662,85.33399999999997,,,,,81.39939999999993,,,,,
1770537600,78.05,78.12,77.98,78.02,221179.169,84.65966666666665,,,,,81.25419999999991,,,,,
1770552000,78.03,78.3,78.01,78.03,303326.014,84.11899999999997,,,,,81.10919999999992,,,,,
1770566400,78.03,78.16,77.92,78.04,343461.781,83.5263333333333,,,,,80.96319999999992,,,,,
1770580800,78.04,80.27,78.04,79.71,2436267.496,82.8953333333333,,,,,80.85019999999992,,,,,
1770595200,79.71,81.62,78.99,81.07,5348030.957,82.4193333333333,,,,,80.7655999999999,,,,,
1770609600,81.07,82.43,80.52,81.06,3726241.235,81.98466666666664,,,,,80.6805999999999,,,,,
1770624000,81.06,82.2,78.7,80.29,4572337.759,81.60466666666663,,,,,80.5807999999999,,,,,
1770638400,80.3,82.67,79.08,82.64,4172236.998,81.3393333333333,,,,,80.5287999999999,,,,,
1770652800,82.64,83.66,82.05,83.41,2939141.035,81.30466666666663,,,,,80.4933999999999,,,,,
1770667200,83.42,84.12,80.93,81.79,2289718.778,81.2338333333333,,,,,80.42939999999987,,,,,
1770681600,81.78,82.94,80.8,81.48,3941814.822,81.17049999999996,,,,,80.36039999999988,,,,,
1770696000,81.48,82.07,80.62,81.83,2201262.985,81.11299999999997,,,,,80.34959999999988,,,,,
1770710400,81.83,82.8,81.28,82.26,2403880.994,81.06166666666664,,,,,80.44439999999989,,,,,
1770724800,82.27,83.03,80.43,81,4268981.543,80.98899999999998,,,,,80.53439999999988,,,,,
1770739200,81,81.58,79.89,81.14,2814011.699,80.91966666666664,,,,,80.49839999999988,,,,,
1770753600,81.13,81.66,80.58,81.38,781655.392,80.85416666666664,,,,,80.60479999999988,,,,,
1770768000,81.39,82.85,81.05,82.65,1297374.513,80.8103333333333,,,,,80.63299999999988,,,,,
1770782400,82.65,83.99,81.91,83.75,1959828.451,80.78549999999997,,,,,80.65179999999988,,,,,
1770796800,83.75,86.3,83.34,86.17,3098476.947,80.80199999999996,,,,,80.70599999999988,,,,,
1770811200,86.17,86.36,82.65,83.36,7715238.122,80.7748333333333,,,,,80.63919999999987,,,,,
1770825600,83.36,84.87,82.75,84.16,2183803.213,80.76199999999996,,,,,80.59279999999987,,,,,
1770840000,84.18,85.19,82.87,82.9,1431672.702,80.7708333333333,,,,,80.48099999999987,,,,,
1770854400,82.9,84.16,81.56,83.52,3085002.863,80.87083333333331,,,,,80.45919999999987,,,,,
1770868800,83.52,84.19,82.76,83.42,2481183.232,80.98616666666663,,,,,80.43559999999987,,,,,
1770883200,83.42,84.04,83.12,83.52,1493399.707,80.99583333333331,,,,,80.34999999999987,,,,,
1770897600,83.52,83.57,81.93,82.48,4299817.941,81.10283333333331,,,,,80.19179999999987,,,,,
1770912000,82.48,82.64,74.87,76.41,14380031.179,81.02233333333331,,,,,79.90899999999986,,,,,
1770926400,76.41,76.61,74.11,75.35,3497908.94,80.89799999999995,,,,,79.67639999999987,,,,,
1770940800,75.34,77.4,74.86,77.14,4119954.608,80.79266666666663,,,,,79.47739999999988,,,,,
1770955200,77.14,78.47,76.04,77.94,3791327.421,80.64666666666663,,,,,79.24699999999986,,,,,
1770969600,77.95,79.38,76.72,77.43,5318880.163,80.49583333333331,,,,,79.24979999999987,,,,,
1770984000,77.43,79.38,76.11,77.16,7991616.288,80.30699999999997,,,,,79.19219999999986,,,,,
1770998400,77.16,78.52,77.14,77.46,2822067,80.1878333333333,,,,,79.17319999999985,,,,,
1771012800,77.46,77.67,76.72,77.31,1111974.998,80.06633333333329,,,,,79.23659999999985,,,,,
1771027200,77.3,77.47,77.29,77.43,206198.637,79.89349999999996,,,,,79.29039999999985,,,,,
1771041600,77.43,77.49,77.4,77.43,213801.264,79.67749999999997,,,,,79.49559999999985,,,,,
1771056000,77.43,77.5,77.43,77.44,238688.21,79.45899999999997,,,,,79.58659999999988,,,,,
1771070400,77.44,77.48,77.41,77.43,222769.012,79.2998333333333,,,,,79.68919999999987,,,,,
1771084800,77.43,77.45,77.4,77.44,106825.775,79.13899999999997,,,,,79.74319999999987,,,,,
1771099200,77.44,77.46,77.41,77.42,100184.43,78.93833333333329,,,,,79.77219999999987,,,,,
1771113600,77.43,77.46,77.41,77.41,90997.5,78.94033333333329,,,,,79.76719999999987,,,,,
1771128000,77.41,77.44,77.4,77.43,112648.286,78.89683333333329,,,,,79.76179999999988,,,,,
1771142400,77.43,77.45,77.42,77.43,104937.388,78.88049999999997,,,,,79.75439999999986,,,,,
1771156800,77.43,77.49,77.43,77.47,135730.613,78.93599999999996,,,,,79.74439999999987,,,,,
1771171200,77.48,78.74,77.47,77.51,661201.905,78.98216666666664,,,,,79.73899999999988,,,,,
1771185600,77.52,78.53,74.95,76.34,2035644.713,79.13499999999996,,,,,79.70719999999987,,,,,
1771200000,76.34,77.61,74.73,75.25,3348809.467,79.17433333333331,,,,,79.65319999999988,,,,,
1771214400,75.25,77.1,74.97,77,1695512.822,79.25266666666666,,,,,79.63419999999988,,,88.50029166666667,,
1771228800,77,77.44,76.6,77.13,1818768.17,79.29249999999999,,,,,79.61779999999987,,,88.49258333333334,,
1771243200,77.13,77.21,75.96,76.15,2059550.192,79.29549999999998,,,,,79.57979999999989,,,88.48804166666667,,
1771257600,76.15,76.93,75.76,76.7,994508.219,79.27949999999997,,,,,79.55339999999988,,,88.48025,,
1771272000,76.71,76.91,76.19,76.47,678051.636,79.25899999999999,,,,,79.5221999999999,,,88.47004166666667,,
1771286400,76.48,76.53,73.14,75.5,4683435.874,79.22066666666665,,,,,79.47139999999989,,,88.45916666666668,,
1771300800,75.5,75.69,72.79,75.01,3994626.297,79.17133333333331,,,,,79.3773999999999,,,88.45479166666668,,
1771315200,75.01,75.51,73.65,74.74,1982769.524,79.12066666666665,,,,,79.25079999999988,,,88.451125,,
1771329600,74.74,75.28,72.04,73.34,7239972.76,79.04416666666664,,,,,79.09639999999989,,,88.44066666666666,,
1771344000,73.34,74.17,72.16,73.57,3556285.639,78.97116666666665,,,,,78.96199999999989,,,88.4305,,
1771358400,73.57,73.87,72.36,72.5,1634445.895,78.8803333333333,,,,,78.7591999999999,,,88.41237500000001,,
1771372800,72.51,74.77,72.41,74.71,2619111.774,78.8263333333333,,,,,78.58519999999989,,,88.40383333333334,,
1771387200,74.71,76.14,74.53,75.72,2430783.749,78.78749999999997,,,,,78.46379999999988,,,88.397375,,
1771401600,75.72,76.32,75.33,75.46,1702337.115,78.74483333333329,,,,,78.34339999999989,,,88.38658333333333,,
1771416000,75.46,78.33,75.31,77.69,3856895.363,78.73916666666665,,,,,78.26059999999988,,,88.37616666666666,,
1771430400,77.7,78.29,76.26,76.68,2397845.429,78.71649999999997,,,,,78.14899999999989,,,88.36245833333334,,
1771444800,76.69,77.67,76.55,77.17,1632755.813,78.67416666666664,,,,,78.07239999999987,,,88.35125,,
1771459200,77.17,78.09,76.43,77.99,1755420.402,78.62283333333329,,,,,78.00939999999987,,,88.34291666666667,,
1771473600,77.99,79.23,77.64,78.89,1861956.063,78.58666666666662,,,,,77.95959999999988,,,88.33874999999999,,
1771488000,78.9,79.5,77.32,77.9,2575329.995,78.5468333333333,,,,,77.86459999999988,,,88.33016666666667,,
1771502400,77.9,79.11,77.1,78.64,4415569.07,78.48016666666663,,,,,77.76239999999989,,,88.32433333333333,,
1771516800,78.65,78.66,77.39,77.82,2080270.706,78.38699999999996,,,,,77.59539999999988,,,88.31458333333333,,
1771531200,77.82,78.71,77.8,77.92,1176043.675,78.32249999999996,,,,,77.48659999999988,,,88.3065,,
1771545600,77.93,78.79,77.51,77.73,1826406.97,78.25999999999996,,,,,77.35799999999989,,,88.29695833333334,,
1771560000,77.73,79.14,77.7,78.78,1313431.92,78.20916666666662,,,,,77.27559999999988,,,88.29145833333334,,
1771574400,78.79,81.28,78.77,80.53,3703079.297,78.1803333333333,,,,,77.21579999999989,,,88.293625,,
1771588800,80.53,82.54,79.83,81.79,6933512.169,78.19349999999996,,,,,77.18319999999989,,,88.30091666666667,,
1771603200,81.79,83.38,81.45,83.29,3638845.407,78.22933333333329,,,,,77.17859999999988,,,88.31375,,
1771617600,83.29,84.81,83.25,84.53,2273570.954,78.28183333333328,,,,,77.21959999999989,,,88.32575,,
1771632000,84.53,84.57,84.47,84.54,326310.988,78.31333333333329,,,,,77.38219999999988,,,88.330375,,
1771646400,84.54,84.56,84.51,84.55,134917.595,78.32666666666663,,,,,77.56619999999988,,,88.331625,,
1771660800,84.55,84.62,84.52,84.53,165409.962,78.2993333333333,,,,,77.71399999999988,,,88.334125,,
1771675200,84.53,84.58,84.5,84.57,186027.085,78.31949999999996,,,,,77.8465999999999,,,88.33045833333334,,
1771689600,84.56,84.87,84.56,84.81,230539.127,78.33033333333329,,,,,77.99419999999988,,,88.32662499999999,,
1771704000,84.82,84.85,84.63,84.71,167500.591,78.36049999999996,,,,,78.14519999999989,,,88.32741666666668,,
1771718400,84.7,84.76,84.66,84.66,168608.006,78.37949999999995,,,,,78.2891999999999,,,88.32395833333334,,
1771732800,84.67,84.75,84.67,84.72,91554.242,78.40116666666661,,,,,78.43739999999988,,,88.32158333333334,,
1771747200,84.72,84.77,84.65,84.67,150467.948,78.42033333333329,,,,,78.58219999999989,,,88.316875,,
1771761600,84.67,85.19,84.67,84.9,381202.622,78.46066666666661,,,,,78.7315999999999,,,88.30087499999999,,
1771776000,84.91,85.4,84.8,84.8,673770.301,78.60049999999994,,,,,78.8787999999999,,,88.289125,,
1771790400,84.81,87.09,84.78,86.85,2363557.686,78.7921666666666,,,,,79.0671999999999,,,88.28429166666666,,
1771804800,86.85,87.81,85.88,87.19,3708802.708,78.9596666666666,,,,,79.2621999999999,,,88.26925,,
1771819200,87.18,87.54,85.11,85.77,2481857.843,79.0901666666666,,,,,79.4291999999999,,,88.25083333333333,,
1771833600,85.77,87.05,85.62,86.47,2682631.804,79.24083333333327,,,,,79.61039999999988,,,88.23337500000001,,
1771848000,86.47,88.01,85.6,86.67,5530351.92,79.39933333333327,,,,,79.7951999999999,,,88.212,,
1771862400,86.66,87.8,85.94,87.63,3605160.87,79.56883333333327,,,,,79.99919999999989,,,88.19066666666667,,
1771876800,87.62,89.14,86.7,88.02,2540215.859,79.74733333333326,,,,,80.21019999999989,,,88.17275,,
1771891200,88.03,88.22,84.81,86.88,6121332.861,79.90483333333326,,,,,80.39759999999988,,,88.16841666666667,,
1771905600,86.88,88.88,86.65,87.89,3618863.8,80.07916666666661,,,,,80.62859999999988,,,88.161875,,
1771920000,87.89,88.61,87.63,88.1,2631067.778,80.25683333333328,,,,,80.88559999999988,,,88.1485,,
1771934400,88.09,88.26,85.38,87.81,6092668.077,80.42983333333326,,,,,81.10179999999987,,,88.13645833333334,,
1771948800,87.82,88.26,86.63,87.05,3079410.54,80.58999999999992,,,,,81.30019999999988,,,88.11383333333333,,
1771963200,87.06,87.71,86.54,87.23,1696773.424,80.75349999999993,,,,,81.52179999999987,,,88.09625000000001,,
1771977600,87.23,89.86,86.76,89.51,4934037.661,80.95516666666659,,,,,81.77799999999988,,,88.09270833333333,,
1771992000,89.51,91.19,89.13,90.34,4161205.393,81.17033333333326,,,,,82.05539999999988,,,88.08983333333335,,
1772006400,90.33,91.08,89.5,90.49,3309932.078,81.38799999999992,,,,,82.35519999999988,,,88.08725,,
1772020800,90.48,90.99,89.44,90.59,6520284.742,81.60666666666658,,,,,82.66679999999988,,,88.09791666666666,,
1772035200,90.59,91.28,90.28,91.11,2756861.065,81.83333333333324,,,,,82.99419999999988,,,88.10479166666667,,
1772049600,91.11,91.27,87.29,87.5,5005785.271,82.01933333333325,,,,,83.27739999999989,,,88.09395833333333,,
1772064000,87.5,90.22,87.42,89.27,5748317.991,82.25299999999991,,,,,83.59139999999988,,,88.09054166666667,,
1772078400,89.27,89.94,88.1,88.44,3824017.385,82.44366666666659,,,,,83.91019999999988,,,88.08366666666667,,
1772092800,88.44,88.54,86.28,87.11,5111967.377,82.60999999999993,,,,,84.1581999999999,,,88.071375,,
1772107200,87.12,87.6,85.15,87.44,7563563.757,82.7981666666666,,,,,84.39259999999987,,,88.06025,,
1772121600,87.45,88.38,86.24,88.26,3624979.19,82.99083333333327,,,,,84.64859999999987,,,88.05266666666667,,
1772136000,88.26,88.9,87.84,88.14,1600196.25,83.18533333333328,,,,,84.85759999999988,,,88.044375,,
1772150400,88.14,90.03,87.73,89.33,3273660.012,83.41583333333327,,,,,85.11059999999989,,,88.04029166666668,,
1772164800,89.33,90.6,89.3,90.16,2610176.94,83.66833333333327,,,,,85.37039999999988,,,88.04004166666667,,
1772179200,90.16,90.32,89.08,89.99,2346428.2369999997,83.92249999999993,,,,,85.61039999999988,,,88.03858333333334,,
1772193600,89.99,93.75,89.44,93.44,9015443.039,84.25749999999994,,,,,85.90139999999988,,,88.05170833333334,,
1772208000,93.44,94.03,92.32,93.1,5277265.009,84.58299999999993,,,,,86.20539999999988,,,88.06254166666666,,
1772222400,93.1,93.79,92.99,93.72,405491.089,84.93666666666658,,,,,86.50699999999988,,,88.06541666666666,,